feature,coefficient,abs_coefficient
roa,2.485635569619125,2.485635569619125
cfo_assets,2.073734902074372,2.073734902074372
debt_ratio,-0.4374243550508983,0.4374243550508983
revenue_growth,0.017330097656850993,0.017330097656850993
